{
    "metadata": {
        "years": 5000,
        "retention_rate": 0.3,
        "total_insured_value": 679385700449.94
    },
    "kpis": {
        "aal_gross": 4391226833.860272,
        "aal_net": 1317368050.1580815,
        "pml_200_gross": 85745080849.49663,
        "pml_200_net": 25723524254.848988,
        "pml_500_gross": 93021457690.82985,
        "pml_500_net": 27906437307.248955
    },
    "financial_split": {
        "gross_max": 149414852674.83035,
        "net_max": 44824455802.449104,
        "ceded_max": 104590396872.38124
    },
    "ep_curve": {
        "return_periods": [
            20,
            50,
            100,
            200,
            500,
            1000
        ],
        "gross": [
            40504510156.902725,
            65208469178.99697,
            77127184985.89963,
            85745080849.49663,
            93021457690.82985,
            95867677805.95818
        ],
        "net": [
            12151353047.070816,
            19562540753.699093,
            23138155495.76989,
            25723524254.848988,
            27906437307.248955,
            28760303341.787453
        ]
    }
}